weights,n_clusters,score
"(0.5, 0.2, 0.3)",54.0,0.8125074468351136
"(0.0, 0.0, 1.0)",46.0,0.8040548341767412
"(0.0, 1.0, 0.0)",10.0,0.6685714285714286
"(1.0, 0.0, 0.0)",14.0,0.6307175974283468
